"id","date","start","end","task","effort_assignmen"
0,"string","string","string","string","string"
1,"string","string","string","string","string"
2,"string","string","string","string","string"
3,"string","string","string","string","string"
4,"string","string","string","string","string"
5,"string","string","string","string","string"
6,"string","string","string","string","string"
7,"string","string","string","string","string"
8,"string","string","string","string","string"
9,"string","string","string","string","string"
10,"string","string","string","string","string"
11,"string","string","string","string","string"
